,path,label
0,data/hand_turn/WIN_20260427_17_19_54_Pro.mp4,hand_turn
1,data/hand_turn/WIN_20260427_17_12_14_Pro.mp4,hand_turn
2,data/hand_turn/WIN_20260427_17_19_40_Pro.mp4,hand_turn
3,data/hand_turn/WIN_20260427_17_20_04_Pro.mp4,hand_turn
4,data/hand_turn/WIN_20260427_17_12_09_Pro.mp4,hand_turn
5,data/hand_turn/WIN_20260427_17_12_04_Pro.mp4,hand_turn
6,data/hand_turn/WIN_20260427_17_19_35_Pro.mp4,hand_turn
7,data/hand_turn/WIN_20260427_17_19_31_Pro.mp4,hand_turn
8,data/hand_turn/WIN_20260427_17_12_35_Pro.mp4,hand_turn
9,data/hand_turn/WIN_20260427_17_12_45_Pro.mp4,hand_turn
10,data/hand_turn/WIN_20260427_17_20_19_Pro.mp4,hand_turn
11,data/hand_turn/WIN_20260427_17_19_44_Pro.mp4,hand_turn
12,data/hand_turn/WIN_20260427_17_19_18_Pro.mp4,hand_turn
13,data/hand_turn/WIN_20260427_17_12_57_Pro.mp4,hand_turn
14,data/hand_turn/WIN_20260427_17_13_05_Pro.mp4,hand_turn
15,data/hand_turn/WIN_20260427_17_19_22_Pro.mp4,hand_turn
16,data/hand_turn/WIN_20260427_17_19_49_Pro.mp4,hand_turn
17,data/hand_turn/WIN_20260427_17_12_30_Pro.mp4,hand_turn
18,data/hand_turn/WIN_20260427_17_20_13_Pro.mp4,hand_turn
19,data/hand_turn/WIN_20260427_17_19_13_Pro.mp4,hand_turn
20,data/hand_turn/WIN_20260427_17_19_09_Pro.mp4,hand_turn
21,data/hand_turn/WIN_20260427_17_12_24_Pro.mp4,hand_turn
22,data/hand_turn/WIN_20260427_17_12_19_Pro.mp4,hand_turn
23,data/hand_turn/WIN_20260427_17_13_26_Pro.mp4,hand_turn
24,data/hand_turn/WIN_20260427_17_20_08_Pro.mp4,hand_turn
25,data/hand_turn/WIN_20260427_17_19_59_Pro.mp4,hand_turn
26,data/hand_turn/WIN_20260427_17_12_50_Pro.mp4,hand_turn
27,data/hand_turn/WIN_20260427_17_19_27_Pro.mp4,hand_turn
28,data/geste_1/10003.mp4,geste_1
29,data/geste_1/10006.mp4,geste_1
30,data/geste_1/10029.mp4,geste_1
31,data/geste_1/10040.mp4,geste_1
32,data/geste_1/10012.mp4,geste_1
33,data/geste_1/10011.mp4,geste_1
34,data/geste_1/10053.mp4,geste_1
35,data/geste_1/10004.mp4,geste_1
36,data/geste_1/10032.mp4,geste_1
37,data/geste_1/10030.mp4,geste_1
38,data/geste_1/10046.mp4,geste_1
39,data/geste_1/10023.mp4,geste_1
40,data/geste_1/10021.mp4,geste_1
41,data/geste_1/10017.mp4,geste_1
42,data/geste_1/10033.mp4,geste_1
43,data/geste_1/10027.mp4,geste_1
44,data/geste_1/10049.mp4,geste_1
45,data/geste_1/10034.mp4,geste_1
46,data/geste_1/10005.mp4,geste_1
47,data/geste_1/10015.mp4,geste_1
48,data/geste_1/10007.mp4,geste_1
49,data/geste_1/10010.mp4,geste_1
50,data/geste_1/10052.mp4,geste_1
51,data/geste_1/10002.mp4,geste_1
52,data/geste_1/10028.mp4,geste_1
53,data/geste_1/10037.mp4,geste_1
54,data/geste_1/10038.mp4,geste_1
55,data/geste_1/10018.mp4,geste_1
56,data/geste_1/10044.mp4,geste_1
57,data/geste_1/10047.mp4,geste_1
58,data/geste_1/10001.mp4,geste_1
59,data/geste_1/10025.mp4,geste_1
60,data/geste_1/10031.mp4,geste_1
61,data/geste_1/10043.mp4,geste_1
62,data/geste_1/10014.mp4,geste_1
63,data/geste_1/10026.mp4,geste_1
64,data/geste_1/10048.mp4,geste_1
65,data/geste_1/10042.mp4,geste_1
66,data/geste_1/10009.mp4,geste_1
67,data/geste_1/10022.mp4,geste_1
68,data/geste_1/10020.mp4,geste_1
69,data/geste_1/10008.mp4,geste_1
70,data/geste_1/10054.mp4,geste_1
71,data/geste_1/10013.mp4,geste_1
72,data/geste_1/10036.mp4,geste_1
73,data/geste_1/10051.mp4,geste_1
74,data/geste_1/10050.mp4,geste_1
75,data/geste_1/10019.mp4,geste_1
76,data/geste_1/10039.mp4,geste_1
77,data/geste_1/10035.mp4,geste_1
78,data/geste_1/10016.mp4,geste_1
79,data/geste_1/10024.mp4,geste_1
80,data/geste_1/10045.mp4,geste_1
81,data/geste_1/10041.mp4,geste_1
82,data/Gesture02/0033.MP4,Gesture02
83,data/Gesture02/0038.MP4,Gesture02
84,data/Gesture02/0048.MP4,Gesture02
85,data/Gesture02/0059.MP4,Gesture02
86,data/Gesture02/0044.MP4,Gesture02
87,data/Gesture02/0056.MP4,Gesture02
88,data/Gesture02/0055.MP4,Gesture02
89,data/Gesture02/0031.MP4,Gesture02
90,data/Gesture02/0037.MP4,Gesture02
91,data/Gesture02/0034.MP4,Gesture02
92,data/Gesture02/0053.MP4,Gesture02
93,data/Gesture02/0042.MP4,Gesture02
94,data/Gesture02/0057.MP4,Gesture02
95,data/Gesture02/0047.MP4,Gesture02
96,data/Gesture02/0030.MP4,Gesture02
97,data/Gesture02/0045.MP4,Gesture02
98,data/Gesture02/0041.MP4,Gesture02
99,data/Gesture02/0035.MP4,Gesture02
100,data/Gesture02/0039.MP4,Gesture02
101,data/Gesture02/0032.MP4,Gesture02
102,data/Gesture02/0040.MP4,Gesture02
103,data/Gesture02/0036.MP4,Gesture02
104,data/Gesture02/0054.MP4,Gesture02
105,data/Gesture02/0049.MP4,Gesture02
106,data/Gesture02/0052.MP4,Gesture02
107,data/Gesture02/0050.MP4,Gesture02
108,data/Gesture02/0058.MP4,Gesture02
109,data/Gesture02/0051.MP4,Gesture02
110,data/Gesture02/0046.MP4,Gesture02
111,data/Gesture02/0043.MP4,Gesture02
112,data/geste_2/20048.mp4,geste_2
113,data/geste_2/20044.mp4,geste_2
114,data/geste_2/20038.mp4,geste_2
115,data/geste_2/20022.mp4,geste_2
116,data/geste_2/20023.mp4,geste_2
117,data/geste_2/20030.mp4,geste_2
118,data/geste_2/20028.mp4,geste_2
119,data/geste_2/20051.mp4,geste_2
120,data/geste_2/20025.mp4,geste_2
121,data/geste_2/20033.mp4,geste_2
122,data/geste_2/20036.mp4,geste_2
123,data/geste_2/20011.mp4,geste_2
124,data/geste_2/20006.mp4,geste_2
125,data/geste_2/20017.mp4,geste_2
126,data/geste_2/20039.mp4,geste_2
127,data/geste_2/20018.mp4,geste_2
128,data/geste_2/20008.mp4,geste_2
129,data/geste_2/20024.mp4,geste_2
130,data/geste_2/20013.mp4,geste_2
131,data/geste_2/20032.mp4,geste_2
132,data/geste_2/20021.mp4,geste_2
133,data/geste_2/20049.mp4,geste_2
134,data/geste_2/20002.mp4,geste_2
135,data/geste_2/20040.mp4,geste_2
136,data/geste_2/20015.mp4,geste_2
137,data/geste_2/20043.mp4,geste_2
138,data/geste_2/20016.mp4,geste_2
139,data/geste_2/20046.mp4,geste_2
140,data/geste_2/20034.mp4,geste_2
141,data/geste_2/20012.mp4,geste_2
142,data/geste_2/20019.mp4,geste_2
143,data/geste_2/20047.mp4,geste_2
144,data/geste_2/20003.mp4,geste_2
145,data/geste_2/20020.mp4,geste_2
146,data/geste_2/20041.mp4,geste_2
147,data/geste_2/20031.mp4,geste_2
148,data/geste_2/20027.mp4,geste_2
149,data/geste_2/20050.mp4,geste_2
150,data/geste_2/20007.mp4,geste_2
151,data/geste_2/20004.mp4,geste_2
152,data/geste_2/20014.mp4,geste_2
153,data/geste_2/20037.mp4,geste_2
154,data/geste_2/20005.mp4,geste_2
155,data/geste_2/20009.mp4,geste_2
156,data/geste_2/20001.mp4,geste_2
157,data/geste_2/20029.mp4,geste_2
158,data/geste_2/20045.mp4,geste_2
159,data/geste_2/20042.mp4,geste_2
160,data/geste_2/20035.mp4,geste_2
161,data/geste_2/20010.mp4,geste_2
162,data/geste_2/20026.mp4,geste_2
163,data/class_2/class_2_022.mp4,class_2
164,data/class_2/class_2_003.mp4,class_2
165,data/class_2/class_2_037.mp4,class_2
166,data/class_2/class_2_027.mp4,class_2
167,data/class_2/class_2_012.mp4,class_2
168,data/class_2/class_2_011.mp4,class_2
169,data/class_2/class_2_020.mp4,class_2
170,data/class_2/class_2_035.mp4,class_2
171,data/class_2/class_2_002.mp4,class_2
172,data/class_2/class_2_013.mp4,class_2
173,data/class_2/class_2_019.mp4,class_2
174,data/class_2/class_2_041.mp4,class_2
175,data/class_2/class_2_005.mp4,class_2
176,data/class_2/class_2_010.mp4,class_2
177,data/class_2/class_2_023.mp4,class_2
178,data/class_2/class_2_036.mp4,class_2
179,data/class_2/class_2_030.mp4,class_2
180,data/class_2/class_2_004.mp4,class_2
181,data/class_2/class_2_017.mp4,class_2
182,data/class_2/class_2_025.mp4,class_2
183,data/class_2/class_2_038.mp4,class_2
184,data/class_2/class_2_018.mp4,class_2
185,data/class_2/class_2_016.mp4,class_2
186,data/class_2/class_2_032.mp4,class_2
187,data/class_2/class_2_014.mp4,class_2
188,data/class_2/class_2_001.mp4,class_2
189,data/class_2/class_2_006.mp4,class_2
190,data/class_2/class_2_034.mp4,class_2
191,data/class_2/class_2_007.mp4,class_2
192,data/class_2/class_2_026.mp4,class_2
193,data/class_2/class_2_021.mp4,class_2
194,data/class_2/class_2_008.mp4,class_2
195,data/class_2/class_2_040.mp4,class_2
196,data/class_2/class_2_009.mp4,class_2
197,data/class_2/class_2_015.mp4,class_2
198,data/class_2/class_2_039.mp4,class_2
199,data/class_2/class_2_024.mp4,class_2
200,data/class_2/class_2_033.mp4,class_2
201,data/class_2/class_2_031.mp4,class_2
202,data/class_2/class_2_029.mp4,class_2
203,data/class_2/class_2_028.mp4,class_2
204,data/thumb_up/WIN_20260427_17_13_51_Pro.mp4,thumb_up
205,data/thumb_up/WIN_20260427_17_22_11_Pro.mp4,thumb_up
206,data/thumb_up/WIN_20260427_17_14_56_Pro.mp4,thumb_up
207,data/thumb_up/WIN_20260427_17_14_48_Pro.mp4,thumb_up
208,data/thumb_up/WIN_20260427_17_23_14_Pro.mp4,thumb_up
209,data/thumb_up/WIN_20260427_17_22_17_Pro.mp4,thumb_up
210,data/thumb_up/WIN_20260427_17_22_21_Pro.mp4,thumb_up
211,data/thumb_up/WIN_20260427_17_23_04_Pro.mp4,thumb_up
212,data/thumb_up/WIN_20260427_17_22_45_Pro.mp4,thumb_up
213,data/thumb_up/WIN_20260427_17_13_37_Pro.mp4,thumb_up
214,data/thumb_up/WIN_20260427_17_22_30_Pro.mp4,thumb_up
215,data/thumb_up/WIN_20260427_17_23_26_Pro.mp4,thumb_up
216,data/thumb_up/WIN_20260427_17_23_22_Pro.mp4,thumb_up
217,data/thumb_up/WIN_20260427_17_22_06_Pro.mp4,thumb_up
218,data/thumb_up/WIN_20260427_17_14_00_Pro.mp4,thumb_up
219,data/thumb_up/WIN_20260427_17_22_49_Pro.mp4,thumb_up
220,data/thumb_up/WIN_20260427_17_22_34_Pro.mp4,thumb_up
221,data/thumb_up/WIN_20260427_17_13_44_Pro.mp4,thumb_up
222,data/thumb_up/WIN_20260427_17_15_03_Pro.mp4,thumb_up
223,data/thumb_up/WIN_20260427_17_14_09_Pro.mp4,thumb_up
224,data/thumb_up/WIN_20260427_17_14_17_Pro.mp4,thumb_up
225,data/thumb_up/WIN_20260427_17_22_25_Pro.mp4,thumb_up
226,data/thumb_up/WIN_20260427_17_15_14_Pro.mp4,thumb_up
227,data/thumb_up/WIN_20260427_17_15_20_Pro.mp4,thumb_up
228,data/thumb_up/WIN_20260427_17_14_32_Pro.mp4,thumb_up
229,data/thumb_up/WIN_20260427_17_22_02_Pro.mp4,thumb_up
230,data/thumb_up/WIN_20260427_17_14_23_Pro.mp4,thumb_up
231,data/thumb_up/WIN_20260427_17_22_40_Pro.mp4,thumb_up
232,data/thumb_up/WIN_20260427_17_23_09_Pro.mp4,thumb_up
233,data/geste_0/00044.mp4,geste_0
234,data/geste_0/00020.mp4,geste_0
235,data/geste_0/00035.mp4,geste_0
236,data/geste_0/00019.mp4,geste_0
237,data/geste_0/00029.mp4,geste_0
238,data/geste_0/00022.mp4,geste_0
239,data/geste_0/00018.mp4,geste_0
240,data/geste_0/00037.mp4,geste_0
241,data/geste_0/00004.mp4,geste_0
242,data/geste_0/00049.mp4,geste_0
243,data/geste_0/00042.mp4,geste_0
244,data/geste_0/00045.mp4,geste_0
245,data/geste_0/00021.mp4,geste_0
246,data/geste_0/00052.mp4,geste_0
247,data/geste_0/00031.mp4,geste_0
248,data/geste_0/00032.mp4,geste_0
249,data/geste_0/00007.mp4,geste_0
250,data/geste_0/00012.mp4,geste_0
251,data/geste_0/00043.mp4,geste_0
252,data/geste_0/00002.mp4,geste_0
253,data/geste_0/00025.mp4,geste_0
254,data/geste_0/00024.mp4,geste_0
255,data/geste_0/00040.mp4,geste_0
256,data/geste_0/00036.mp4,geste_0
257,data/geste_0/00003.mp4,geste_0
258,data/geste_0/00005.mp4,geste_0
259,data/geste_0/00023.mp4,geste_0
260,data/geste_0/00015.mp4,geste_0
261,data/geste_0/00038.mp4,geste_0
262,data/geste_0/00011.mp4,geste_0
263,data/geste_0/00013.mp4,geste_0
264,data/geste_0/00030.mp4,geste_0
265,data/geste_0/00041.mp4,geste_0
266,data/geste_0/00014.mp4,geste_0
267,data/geste_0/00034.mp4,geste_0
268,data/geste_0/00006.mp4,geste_0
269,data/geste_0/00039.mp4,geste_0
270,data/geste_0/00033.mp4,geste_0
271,data/geste_0/00046.mp4,geste_0
272,data/geste_0/00009.mp4,geste_0
273,data/geste_0/00028.mp4,geste_0
274,data/geste_0/00047.mp4,geste_0
275,data/geste_0/00008.mp4,geste_0
276,data/geste_0/00026.mp4,geste_0
277,data/geste_0/00048.mp4,geste_0
278,data/geste_0/00027.mp4,geste_0
279,data/geste_0/00016.mp4,geste_0
280,data/geste_0/00050.mp4,geste_0
281,data/geste_0/00051.mp4,geste_0
282,data/geste_0/00017.mp4,geste_0
283,data/geste_0/00010.mp4,geste_0
284,data/ok_sign/WIN_20260427_17_16_57_Pro.mp4,ok_sign
285,data/ok_sign/WIN_20260427_17_20_25_Pro.mp4,ok_sign
286,data/ok_sign/WIN_20260427_17_16_10_Pro.mp4,ok_sign
287,data/ok_sign/WIN_20260427_17_21_28_Pro.mp4,ok_sign
288,data/ok_sign/WIN_20260427_17_20_46_Pro.mp4,ok_sign
289,data/ok_sign/WIN_20260427_17_15_59_Pro.mp4,ok_sign
290,data/ok_sign/WIN_20260427_17_15_54_Pro.mp4,ok_sign
291,data/ok_sign/WIN_20260427_17_15_48_Pro.mp4,ok_sign
292,data/ok_sign/WIN_20260427_17_21_23_Pro.mp4,ok_sign
293,data/ok_sign/WIN_20260427_17_16_04_Pro.mp4,ok_sign
294,data/ok_sign/WIN_20260427_17_21_01_Pro.mp4,ok_sign
295,data/ok_sign/WIN_20260427_17_15_41_Pro.mp4,ok_sign
296,data/ok_sign/WIN_20260427_17_20_56_Pro.mp4,ok_sign
297,data/ok_sign/WIN_20260427_17_16_30_Pro.mp4,ok_sign
298,data/ok_sign/WIN_20260427_17_21_38_Pro.mp4,ok_sign
299,data/ok_sign/WIN_20260427_17_16_16_Pro.mp4,ok_sign
300,data/ok_sign/WIN_20260427_17_21_33_Pro.mp4,ok_sign
301,data/ok_sign/WIN_20260427_17_16_46_Pro.mp4,ok_sign
302,data/ok_sign/WIN_20260427_17_20_41_Pro.mp4,ok_sign
303,data/ok_sign/WIN_20260427_17_16_38_Pro.mp4,ok_sign
304,data/ok_sign/WIN_20260427_17_21_17_Pro.mp4,ok_sign
305,data/ok_sign/WIN_20260427_17_16_23_Pro.mp4,ok_sign
306,data/ok_sign/WIN_20260427_17_20_51_Pro.mp4,ok_sign
307,data/ok_sign/WIN_20260427_17_21_07_Pro.mp4,ok_sign
308,data/ok_sign/WIN_20260427_17_21_12_Pro.mp4,ok_sign
309,data/ok_sign/WIN_20260427_17_16_52_Pro.mp4,ok_sign
310,data/Gesture01/0016.MP4,Gesture01
311,data/Gesture01/0003.MP4,Gesture01
312,data/Gesture01/0024.MP4,Gesture01
313,data/Gesture01/0000.MP4,Gesture01
314,data/Gesture01/0021.MP4,Gesture01
315,data/Gesture01/0005.MP4,Gesture01
316,data/Gesture01/0028.MP4,Gesture01
317,data/Gesture01/0027.MP4,Gesture01
318,data/Gesture01/0020.MP4,Gesture01
319,data/Gesture01/0008.MP4,Gesture01
320,data/Gesture01/0001.MP4,Gesture01
321,data/Gesture01/0006.MP4,Gesture01
322,data/Gesture01/0011.MP4,Gesture01
323,data/Gesture01/0004.MP4,Gesture01
324,data/Gesture01/0019.MP4,Gesture01
325,data/Gesture01/0013.MP4,Gesture01
326,data/Gesture01/0009.MP4,Gesture01
327,data/Gesture01/0026.MP4,Gesture01
328,data/Gesture01/0017.MP4,Gesture01
329,data/Gesture01/0022.MP4,Gesture01
330,data/Gesture01/0012.MP4,Gesture01
331,data/Gesture01/0002.MP4,Gesture01
332,data/Gesture01/0018.MP4,Gesture01
333,data/Gesture01/0007.MP4,Gesture01
334,data/Gesture01/0023.MP4,Gesture01
335,data/Gesture01/0014.MP4,Gesture01
336,data/Gesture01/0015.MP4,Gesture01
337,data/Gesture01/0029.MP4,Gesture01
338,data/Gesture01/0010.MP4,Gesture01
339,data/Gesture01/0025.MP4,Gesture01
340,data/class_1/class_1_011.mp4,class_1
341,data/class_1/class_1_007.mp4,class_1
342,data/class_1/class_1_004.mp4,class_1
343,data/class_1/class_1_009.mp4,class_1
344,data/class_1/class_1_039.mp4,class_1
345,data/class_1/class_1_030.mp4,class_1
346,data/class_1/class_1_001.mp4,class_1
347,data/class_1/class_1_020.mp4,class_1
348,data/class_1/class_1_015.mp4,class_1
349,data/class_1/class_1_008.mp4,class_1
350,data/class_1/class_1_014.mp4,class_1
351,data/class_1/class_1_022.mp4,class_1
352,data/class_1/class_1_032.mp4,class_1
353,data/class_1/class_1_040.mp4,class_1
354,data/class_1/class_1_038.mp4,class_1
355,data/class_1/class_1_027.mp4,class_1
356,data/class_1/class_1_034.mp4,class_1
357,data/class_1/class_1_003.mp4,class_1
358,data/class_1/class_1_029.mp4,class_1
359,data/class_1/class_1_023.mp4,class_1
360,data/class_1/class_1_028.mp4,class_1
361,data/class_1/class_1_031.mp4,class_1
362,data/class_1/class_1_012.mp4,class_1
363,data/class_1/class_1_002.mp4,class_1
364,data/class_1/class_1_013.mp4,class_1
365,data/class_1/class_1_035.mp4,class_1
366,data/class_1/class_1_024.mp4,class_1
367,data/class_1/class_1_037.mp4,class_1
368,data/class_1/class_1_017.mp4,class_1
369,data/class_1/class_1_033.mp4,class_1
370,data/class_1/class_1_025.mp4,class_1
371,data/class_1/class_1_006.mp4,class_1
372,data/class_1/class_1_016.mp4,class_1
373,data/class_1/class_1_041.mp4,class_1
374,data/class_1/class_1_005.mp4,class_1
375,data/class_1/class_1_036.mp4,class_1
376,data/class_1/class_1_026.mp4,class_1
377,data/class_1/class_1_018.mp4,class_1
378,data/class_1/class_1_019.mp4,class_1
379,data/class_1/class_1_021.mp4,class_1
380,data/class_1/class_1_010.mp4,class_1
